reason_code,count,percentage
Active,134,27.572016460905353
features,71,14.609053497942387
support,66,13.580246913580247
budget,66,13.580246913580247
unknown,56,11.522633744855968
pricing,48,9.876543209876543
competitor,45,9.25925925925926
